<?xml version="1.0" encoding="UTF-8"?>
<project-private xmlns="http://www.netbeans.org/ns/project-private/1">
    <editor-bookmarks xmlns="http://www.netbeans.org/ns/editor-bookmarks/2" lastBookmarkId="0"/>
    <open-files xmlns="http://www.netbeans.org/ns/projectui-open-files/2">
        <group>
            <file>file:/C:/Users/Admin/Documents/GitHub/PRJ301/Workshop/web/login.jsp</file>
            <file>file:/C:/Users/Admin/Documents/GitHub/PRJ301/Workshop/web/search.jsp</file>
            <file>file:/C:/Users/Admin/Documents/GitHub/PRJ301/Workshop/src/java/dao/ProjectDAO.java</file>
            <file>file:/C:/Users/Admin/Documents/GitHub/PRJ301/Workshop/src/java/dto/ProjectDTO.java</file>
            <file>file:/C:/Users/Admin/Documents/GitHub/PRJ301/Workshop/StartupProjects.sql</file>
            <file>file:/C:/Users/Admin/Documents/GitHub/PRJ301/Workshop/web/projectFrom.jsp</file>
            <file>file:/C:/Users/Admin/Documents/GitHub/PRJ301/Workshop/src/java/controller/MainController.java</file>
            <file>file:/C:/Users/Admin/Documents/GitHub/PRJ301/Workshop/web/header.jsp</file>
            <file>file:/C:/Users/Admin/Documents/GitHub/PRJ301/Workshop/web/invalid.jsp</file>
        </group>
    </open-files>
</project-private>
