<?xml version="1.0" encoding="UTF-8"?>
<project-private xmlns="http://www.netbeans.org/ns/project-private/1">
    <editor-bookmarks xmlns="http://www.netbeans.org/ns/editor-bookmarks/2" lastBookmarkId="0"/>
    <open-files xmlns="http://www.netbeans.org/ns/projectui-open-files/2">
        <group>
            <file>file:/C:/Users/Admin/Documents/GitHub/PRJ301/Workshop_2/src/java/dao/ExamsDAO.java</file>
            <file>file:/C:/Users/Admin/Documents/GitHub/PRJ301/Workshop_2/web/login.jsp</file>
            <file>file:/C:/Users/Admin/Documents/GitHub/PRJ301/Workshop_2/src/java/controller/MainController.java</file>
            <file>file:/C:/Users/Admin/Documents/GitHub/PRJ301/Workshop_2/src/java/dto/ExamCategoriesDTO.java</file>
            <file>file:/C:/Users/Admin/Documents/GitHub/PRJ301/Workshop_2/web/search.jsp</file>
            <file>file:/C:/Users/Admin/Documents/GitHub/PRJ301/Workshop_2/web/examFrom.jsp</file>
        </group>
    </open-files>
</project-private>
